Product Name,Category Name,Reference Part Number,Description,SKU,Stok per tgl 18 May 2025,Lokasi Stok,,Notes
First Product,Category Name,"ABC11,EFG22,HIJ33",Product Description,ABC,,,,pastikan masing2 nama produk unik (tidak ada persamaan dengan data lainnya)
AIR FILTER,,,-,-,,,,pastikan kategori barang ada di database
100013,Air Filter Secondary,02250046-013,-,-,3,Surabaya,,
1000223,Air Filter,2213-0223,-,-,9,,,
100044,Air Filter,IHI CQ51F1L044D2,-,-,1,,,
100053,Air Filter,02250168-053,-,-,6,"4pcs Jakarta, 2 pcs Surabaya",,
100111,Air Filter,88290003-111,-,-,2,Surabaya,,
100149,Air Filter,02250135-149 =  250007-838,-,-,10,Jakarta,,
100371,Air Filter,02250125-371,-,-,0,,,
100372,Air Filter,02250125-372,-,-,0,,,
100462,Air Filter,48462,-,-,0,,,
100463,Air Filter,48463,-,-,0,,,
100731,Air Filter Primary,02250145-731,-,-,3,Surabaya,,
104034,Air Filter,250024-034,-,-,0,,,
104338,Air Filter,88290002-338,-,-,3,"2pcs Jakarta, 1 pcs Surabaya",,
104375,Air Filter,02250125-375,-,-,2,Jakarta,,
104420,Air Filter,02250087-420,-,-,0,,,
104498,Air Filter,02250131-498,-,-,0,,,
104684,Air Filter,02250127-684,-,-,0,,,
104899,Air Filter,040899 / 40899,-,-,5,Jakarta,,
105204,Air Filter,88292001-204,-,-,0,,,
105486,Air Filter,88290014-486,-,-,2,Jakarta,,
106503,Air Filter,5232-2330 = 5903-1170 = SCE 05-503,-,-,8,Jakarta,,
1001049,Air Filter,C 1049,-,-,12,Jakarta,,
1001112,Air Filter,569726200 = C 1112,-,-,0,,,
1001132,Air Filter,2255300187 = 589000901 = 98262-81 = C 1132,-,-,0,,,
1001140,Air Filter,1613-9001-00 = 569000301 = 22173538 = 68524775 = C 1140 = A35-3211410079A,-,-,2,"1pcs Jakarta, 1pcs Surabaya",,
1001213,Air Filter,C 1213,-,-,2,Jakarta,,
1001250,Air Filter,1613-8720-00 = 569006101 = 88226220 = 76288 = C 1250,-,-,18,"14pcs Jakarta, 4 pcs Surabaya",,
1001360,Air Filter,C 1360,-,-,5,Jakarta,,
1001389,Air Filter,1621-1389-00,-,-,1,Jakarta,,
1001450,Air Filter,1619-1269-00 = 2903-1012-00 = 93603413 = C 1450,-,-,13,"10pcs Jakarta, 3pcs Surabaya",,
1001469,Air Filter,88290001-469,-,-,2,"1pcs Jakarta, 1pcs Surabaya",,
1001574,Air Filter,10683506 = C 1574,-,-,6,Jakarta,,
1005107,Air Filter,1621-5107-00 = 23487465 = C 281440,-,-,3,"2pcs Jakarta, 1 pcs Surabaya",,
1006016,Air Filter,CR 21G30336,-,-,1,Jakarta,,
1006684,Air Filter,2914-9302-00 = 1622-0171-00 = 569003401 = 22295794 = C 14200,-,-,7,"3pcs Jakarta, 4pcs Surabaya",,
1006861,Air Filter,1621-0546-00 = 1621-0546-99 = 1621-0094-00 = 1621-5743-00 = C 402070,-,-,5,"2pcs Jakarta, 3 pcs Surabaya",,
1006910,Air Filter,1310-0387-50 = 2116701,-,-,0,,,
1006929,Air Filter,250007-839,-,-,3,Jakarta,,
1007108,Air Filter,1622-1855-00-01 = 1631-0435-00,-,-,40,"38pcs Jakarta, 2pcs Surabaya",,
1007127,Air Filter,1621-7376-00 = 1630-0408-00,-,-,0,,,
1011134,Air Filter,6.2003.0 = C 1134,-,-,11,"9pcs Jakarta, 2pcs Surabaya",,
1011369,Air Filter,6.2055.0 = C 1369,-,-,6,"5pcs Jakarta, 1pcs Surabaya",,
1014139,Air Filter,6.4139.0,-,-,7,"6pcs Jakarta, 1pcs Surabaya",,
1014143,Air Filter,6.4143.0,,,22,"15pcs Jakarta, 7pcs Surabaya",,
1014148,Air Filter,6.4148.0,-,-,27,"21pcs Jakarta, 6pcs Surabaya",,
1014149,Air Filter,6.4149.0,-,-,5,"5pcs Jakarta, 2pcs  Surabaya",,
1014161,Air Filter,6.4161.0,-,-,3,"2pcs Jakarta, 1 pcs Surabaya",,
1014163,Air Filter,6.4163.0,-,-,8,"6pcs Jakarta, 2pcs Surabaya",,
1014198,Air Filter,6.4198.0,-,-,6,"5pcs Jakarta, 1 pcs Surabaya",,
1014212,Air Filter,6.4212.0,-,-,10,Jakarta,,
1014248,Air Filter,6.4248.0,-,-,32,"28pcs Jakarta, 4pcs Surabaya",,
1014432,Air Filter,6.4432.0,-,-,26,Jakarta,,
1030732,Air Filter,39750732,-,-,0,,,
1032215,Air Filter,24172215,-,-,3,Jakarta,,
1033095,Air Filter,22203095,-,-,6,Jakarta,,
1033265,Air Filter,39903265 = C 381238,-,-,1,Jakarta,,
1033281,Air Filter,39903281,-,-,8,Jakarta,,
1036064,Air Filter,39708466 = C 27230,-,-,7,"6pcs Jakarta, 1pcs Surabaya",,
1051140,Air Filter,5903-1140 = C 24553,-,-,0,,,
1051150,Air Filter,59031150,-,-,4,"2pcs Jakarta, 2 pcs Surabaya",,
1051759,Air Filter,49201759 = 5905-6590,-,-,0,,,
1055255,Air Filter,52555230 = 52552330,-,-,1,Jakarta,,
1091737,Air Filter,1625-1737-17,-,-,0,,,
2080688,Air Filter,1092-2002-88,-,-,2,Jakarta,,
10015300,Air Filter,2914-9304-00 = 6.3540.0 = 89232475 = C 35100,-,-,0,,,
10016400,Air Filter,1613-7407-00 = 6.2084.0 = C 16400,-,-,17,"9pcs Jakarta, 6pcs Surabaya, 2pcs Solo",,
10017201,Air Filter,143000303 = C 17201,-,-,3,Jakarta,,
10019010,Air Filter,05V.19.010,-,-,4,"3pcs Jakarta, 1pcs Surabaya",,
10019020,Air Filter,05V.19.020 ,-,-,5,Jakarta,,
10019030,Air Filter,C 23185 = OZEN 05V.19.030,-,-,16,"15pcs Jakarta, 1 pcs Surabaya",,
10019082,Air Filter,05V.19.082,-,-,10,Jakarta,,
10020500,Air Filter,1613-7408-00 = 6.2085.0 = C 20500,-,-,38,"30pcs Jakarta, 6pcs Surabaya, 2pcs Solo",,
10023610,Air Filter,1613-8004-00 = 6.3564.0 = C 23610,-,-,11,"8pcs Jakarta, 3pcs Surabaya",,
10025740,Air Filter,1613-9501-00 = 1613-9510-00 = 54672530 = C 25740,-,-,1,Surabaya,,
10031220,Air Filter,1030-1070-00 = 93523199 = C 31220,-,-,2,Surabaya,,
10088372,Air Filter,88290004-372,-,-,0,,,
10125710,Air Filter,6.2182.0 = C 25710,-,-,14,Jakarta,,
10130810,Air Filter,2914-5017-00 = 6.2185.0 = A11516974 = C 30810,-,-,5,"2pcs Jakarta, 3pcs Surabaya",,
100301353,Air Filter,C 301353,-,-,2,"1pcs Jakarta, 1pcs Surabaya",,
10015124/1,Air Filter,250023-939 = C 15124/1,-,-,0,,,
10015165/3,Air Filter,6.3545.0 = C 15165/3,-,-,3,Jakarta,,
10017225/3,Air Filter,1619-2797-00 = 6.1996.0 = 569000725 = C 17 225/3,-,-,4,"3pcs Jakarta, 1pcs Surabaya",,
10020325/2,Air Filter,1619-2847-00 = 6.1997.0 = C 20325/2,-,-,12,"9pcs Jakarta, 1pcs Surabaya, 2pcs Solo",,
10021138/1,Air Filter,C 21138/1,-,-,11,Jakarta,,
10023440/2,Air Filter,C 23440/2,-,-,0,,,
10023440/3,Air Filter,1619-2798-00 = C 23440/3,-,-,35,"28pcs Jakarta, 5pcs Surabaya, 2pcs Solo",,
10024650/1,Air Filter,1619-2799-00 = 6.1989.0 = C 24650/1,-,-,12,"9pcs Jakarta, 3pcs Surabaya",,
10025860/3,Air Filter,1613-9503-00 = C 25860/3,-,-,18,"7pcs Jakarta, 11pcs Surabaya",,
10027585/3,Air Filter,2900-0580-00 = 2900-0582-00 = C 27585/3,-,-,0,,,
10028352/1,Air Filter,93525350 = C 29352/1,-,-,0,,,
10030850/2,Air Filter,6.1995.0 = C 30850/2,-,-,0,,,
10033920/3,Air Filter,C 33920/3,-,-,6,,,
100354-FG6,Air Filter,1030-0979-00 = 1621-0547-00 = C 36840/1,-,-,58,"52pcs Jakarta, 6pcs Surabaya",,
10038-4TC,Air Filter,P3515A600-1 = AAP0540009-00089,-,-,141,"139pcs Jakarta, 2pcs Surabaya",,
1004/5-9C,Air Filter,P3515A600-2 = AAP0540009-0029,-,-,174,"169pcs Jakarta, 5pcs Surabaya",,
10040GN2G,Air Filter,P3515F800-1,-,-,21,,,
10048G,Air Filter,P3515F200-1,-,-,151,"150pcs Jakarta, 1pcs Surabaya",,
100770-4TC,Air Filter Primary,P1400009-0770,-,-,45,Jakarta,,
100771-9C,Air Filter Secondary,P14100009-0771,-,-,9,Jakarta,,
1009GS,Air Filter,AA905400009-00090,-,-,33,"31pcs Jakarta, 2pcs Surabaya",,
100DCY75A,Air Filter,A-A35-3211410079A,-,-,0,,,
100SAOF50A,Air Filter Small,100SAOF50A,-,-,0,,,
71.10114.3825.00,Air Filter,71.10114.3825.00,-,-,0,,,
71.10337.3801.02,Air Filter,71.10337.3801.00 = 71.10337.3801.02,-,-,0,,,
71.10341.3801.00,Air Filter,71.10341.3801.00 = 71.10341.3801.00,-,-,0,,,
71.1036.3801.00,Air Filter,71.1036.3801.00,-,-,0,,,
71.12708.3801.10,Air Filter,71.12708.380100 = 71.12708.3801.10,-,-,0,,,
C 42/2,Air Filter,C 42,-,-,16,Jakarta,,
C 46,Air Filter,C 46,-,-,16,Jakarta,,
C 75,Air Filter,C 75,-,-,10,Jakarta,,
C 79/1,Air Filter,C 79/1,-,-,6,Jakarta,,
CF 1600,Air Filter,92053179 CF 1600,-,-,3,Jakarta,,
CF 30810,Air Filter,2914501800 = 89288989 = CF 810,-,-,0,,,
PS-CE03-516,Air Filter,PS-CE03-516,-,-,1,Jakarta,,
108DN50,Air Filter = Filter Insert Gas,DN 50 (Djarum),-,-,1,Jakarta,,
108DN80,Air Filter = Filter Insert Gas,DN 80 (Djarum),-,-,1,Jakarta,,
108DN100,Air Filter = Filter Insert Gas,DN 100 (Djarum),-,-,1,Jakarta,,
,,,,,,,,
OIL SEPARATOR,,,-,-,,,,
300085,Oil Separator,2250034-085,-,-,1,Jakarta,,
300116,Oil Separator Primary,250034-116,-,-,9,"9pcs Jakarta, 4pcs Surabaya",,
300122,Oil Separator Primary,250034-122,-,-,1,Jakarta,,
300124,Oil Separator 300124,250034-124 = 250034-123,-,-,5,Jakarta,,
300134,Oil Separator,250034-134,-,-,1,Jakarta,,
300160,Oil Separator,MLS-1830152121 (tinggi 160mm),-,-,0,,,
300755,Oil Separator,02250100-755 =  DC 3290,-,-,7,"6pcs Jakarta, 1pcs Surabaya",,
300756,Oil Separator,02250100-756 = DC 3291,-,-,2,"1pcs Jakarta, 1pcs Surabaya",,
300808,Oil Separator,2250047-808,-,-,4,"2pcs Jakarta, 2 pcs Surabaya",,
300862,Oil Separator Secondary,250042-862,-,-,15,"9pcs Jakarta, 6pcs Surabaya ",,
303118,Oil Separator,250034-118,-,-,0,,,
303130,Oil Separator,250034-130 = 250034-129 = DB 3139,-,-,1,Jakarta,,
303319,Oil Separator,2250109-319,-,-,0,,,
303321,Oil Separator,2250109-321,-,-,0,,,
304112,Oil Separator,250034-112,-,-,1,Jakarta,,
306595,Oil Separator,P-CE03-595,-,-,0,,,
306596,Oil Separator,P-CE03-596,-,-,0,,,
3001084,Oil Separator,1614-5329-00,-,-,2,Jakarta,,
3001238,Oil Separator,731400,-,-,39,Jakarta,,
3001239,Oil Separator,731401,-,-,10,Jakarta,,
3001482,Oil Separator,3001482 = tinggi 14cm. diamater body 8cm. diameter dratt 2cm (for OSC 3 T Surabaya),-,-,4,Jakarta,,
3001534,Oil Separator,3001534 = 202 ECH 6013,-,-,4,"3pcs Jakarta, 1pcs Surabaya",,
3001828,Oil Separator,1625182867,-,-,0,,,
3002013,Oil Separator,98262.77,-,-,3,Jakarta,,
3002018,Oil Separator,83603496 = 2255300511,-,-,4,Jakarta,,
3002023,Oil Separator,575000204,-,-,7,"4pcs Jakarta, 3pcs Surabaya",,
3002026,Oil Separator,98262-26,-,-,4,Jakarta,,
3002036,Oil Separator,93522902 = 93568301 = F 403351022 (eccoair),-,-,2,Jakarta,,
3002059,Oil Separator,93523215,-,-,5,Jakarta,,
3002062,Oil Separator,2205722478 = 98262-162,-,-,2,Jakarta,,
3002076,Oil Separator,39705728,-,-,3,Jakarta,,
3002090,Oil Separator,2205406514 = 575000209 = 93520807,-,-,3,Jakarta,,
3002098,Oil Separator,92754696 = DB 2098 = NS 009820,-,-,8,Jakarta,,
3002115,Oil Separator,88200753 = DB 2115,-,-,3,Jakarta,,
3002124,Oil Separator,DB 2124 = 220413251,-,-,2,Jakarta,,
3002127,Oil Separator,DB 2127 = 98262-173 = MSB 1456-S,-,-,2,"1pcs Jakarta, 1pcs Surabaya",,
3002132,Oil Separator,92202224 = DB 2132 = 91111-005,-,-,2,Jakarta,,
3002134,Oil Separator,DB 2134 = 91111-003,-,-,25,"21pcs Jakarta, 4pcs Surabaya",,
3002185,Oil Separator,6.2134.0 = DB 2185,-,-,3,Jakarta,,
3002211,Oil Separator,22114040,-,-,0,,,
3002214,Oil Separator,DB 2214,-,-,4,Jakarta,,
3002216,Oil Separator,3983-1888 = DB 2216  = DB 2505,-,-,2,Jakarta,,
3002252,Oil Separator,39863840 = DB 2252 = DB 2098,-,-,7,Jakarta,,
3002373,Oil Separator,88226238 = DB 2373,-,-,0,,,
3002454,Oil Separator,DB 2454,-,-,1,Jakarta,,
3002544,Oil Separator,P-CE 03-517-03 = DB 2544,-,-,4,Jakarta,,
3002606,Oil Separator,2224-2606,-,-,0,,,
3002629,Oil Separator,731468-0000 = DB 2629,-,-,5,Jakarta,,
3002725,Oil Separator,DB 2725 = MSB 1533-S,-,-,4,Jakarta,,
3002750,Oil Separator,9272-2750 ,-,-,4,Jakarta,,
3002787,Oil Separator,4254-2787,-,-,0,,,
3003001,Oil Separator,1612-3869-00 = DC 3001 = 2901-0003-00,-,-,6,"3pcs Jakarta, 3pcs Surabaya",,
3003006,Oil Separator,3003006 = DC 3006,-,-,4,Jakarta,,
3003008,Oil Separator,1612-2433-00 = DC 3008 = 2901-0078-00,-,-,2,"1pcs Jakarta, 1pcs Solo",,
3003009,Oil Separator,1616-2836-00 = DC 3009,-,-,18,"17pcs Jakarta, 1pcs Surabaya",,
3003022,Oil Separator,2252-6313-00 = DC 3022 = 2906-0020-00,-,-,8,"6pcs Jakarta, 2pcs Surabaya",,
3003032,Oil Separator,1202-6414-00 = DC 3032 = 2901-0061-00,-,-,4,"2pcs Jakarta, 2pcs Surabaya",,
3003051,Oil Separator,1614-6423-00 = DC 3051 = 2906-0098-00 ,-,-,15,"12pcs Jakarta, 3pcs Surabaya",,
3003065,Oil Separator,1613-6880-00 = DC 3065),-,-,5,"3pcs Jakarta, 1pcs Surabaya, 1pcs Solo",,
3003066,Oil Separator,2901-0004-01 = DC 3066 = 1613-6921-00,-,-,3,Jakarta,,
3003075,Oil Separator,N 27850000 = DC 3075,-,-,9,Jakarta,,
3003077,Oil Separator,1613-7502-00 = DC 3077 = 2901-0343-00,-,-,6,"1pcs Jakarta, 4pcs Surabaya, 1pcs Solo",,
3003085,Oil Separator,1202-7419-00 = DC 3085 = 2901-0070-00 = 1613-7306-00,-,-,15,"11pcs Jakarta, 3pcs Surabaya, 1pcs Solo",,
3003099,Oil Separator,1614-7048-00 = DC 3099,-,-,3,"2pcs Jakarta, 1pcs Solo",,
3003108,Oil Separator,6.3569.0  = DC 3108,-,-,11,"7pcs Jakarta, 3pcs Surabaya",,
3003110,Oil Separator,2901-0432-00 = DC 3110 = 1613-8007-00,-,-,8,"6pcs Jakarta, 2pcs Surabaya",,
3003132,Oil Separator,2901-0213-00 = DC 3132,-,-,4,Jakarta,,
3003137,Oil Separator,1613-8397-00 = DC 3137,-,-,25,"22pcs Jakarta, 3pcs Surabaya",,
3003185,Oil Separator,1614-9054-00 = DC 3185 Lbg Baut 15,-,-,7,"4pcs Jakarta, 3pcs Surabaya",,
3003186,Oil Separator,1614-9056-00 = DC 3186,-,-,6,"4pcs Jakarta, 2pcs Surabaya",,
3003218,Oil Separator,1614-9521-00 = DC 3218,-,-,0,,,
3003219,Oil Separator,2901-0858-00 = DC 3219 = 1613-9840-01 = 1613-9559-00,-,-,17,"13pcs Jakarta, 3pcs Surabaya, 1pcs Solo",,
3003241,Oil Separator,DC 3241 = 622-1374-00,-,-,0,,,
3003256,Oil Separator,DC 3256 (Lbg baut 12),-,-,10,"8pcs Jakarta, 2pcs Surabaya",,
3003264,Oil Separator,DC 3264,-,-,1,Jakarta,,
3003265,Oil Separator,1614-9054-00 = DC 3265) Lbg baut 12,-,-,4,"2pcs Jakarta, 2pcs Surabaya",,
3003266,Oil Separator,DC 3266 = 1622-3656-00 = 2901-0566-22,-,-,8,"6pcs Jakarta, 1pcs Surabaya, 1pcs Solo",,
3003270,Oil Separator,2906-0753-00 = 1621-9386-00 = DC 3270 =  1614-7899-00,-,-,0,,,
3003280,Oil Separator,DC 3280 = 1623-0514-00,-,-,1,Jakarta,,
3003285,Oil Separator,DC 3285 = 1623-0515-00,-,-,3,Jakarta,,
3003286,Oil Separator,DC 3286 = 1623-0516-00,-,-,7,"5pcs Jakarta, 2pcs  Surabaya",,
3003292,Oil Separator,DC 3292 = 1625-7036-00,-,-,21,"19pcs Jakarta, 2pcs Surabaya",,
3003296,Oil Separator,2252-6313-00 = DC 3296 Long Life,-,-,4,"2pcs Jakarta, 2pcs Surabaya",,
3003621,Oil Separator,36214040 = 3621-4040,-,-,3,Jakarta,,
3004025,Oil Separator,DE 4025,-,-,2,Jakarta,,
3004033,Oil Separator, 2901-0779-00 = DE 4033 = 1622-0079-00,-,-,5,"4pcs Jakarta, 1pcs Solo",,
3004039,Oil Separator,2901-0079-01 = DE 4039,-,-,11,Jakarta,,
3004040,Oil Separator,29614040 = 2961-4040,-,-,1,Jakarta,,
3004045,Oil Separator,2901-1626-00 = 1622-3140-00 = DE 4045,-,-,5,"3pcs Jakarta, 2pcs Surabaya",,
3004046,Oil Separator,DE 4046 = 3001643 = 2901-1643-00 = 1622-6460-00,-,-,50,"47pcs Jakarta, 3pcs Surabaya",,
3004051,Oil Separator,DE 4051 = 2901-1626-00 = 2901-2055-00 = 1622-3140-01,-,-,13,"12pcs Jakarta, 2pcs Surabaya",,
3004052,Oil Separator,DE 4052,-,-,0,,,
3004811,Oil Separator,1625481100 = 1625-4811-00,-,-,1,Jakarta,,
3005004,Oil Separator,DF 5004 = 575000101 = LB 13 145/3,-,-,28,"21pcs Jakarta, 5pcs Surabaya, 2pcs Solo",,
3005005,Oil Separator,DF 5005 ,-,-,0,,,
3005026,Oil Separator,DF 5026,-,-,0,,,
3005045,Oil Separator,DF 5045,-,-,12,Jakarta,,
3005065,Oil Separator,DF 5065 = 5474-9247,-,-,6,"5pcs Jakarta, 1pcs Surabaya",,
3005066,Oil Separator,DF 5066,-,-,20,Jakarta,,
3005442,Oil Separator,54595442,-,-,2,Jakarta,,
3005610,Oil Separator,3989-5610,-,-,0,,,
3005781,Oil Separator,05V.21.B5781 = DB 2699,-,-,2,Jakarta,,
3007754,Oil Separator,1092-2034-07 = 1625-7754-00 = LB 13 145/7,-,-,4,Jakarta,,
3008163,Oil Separator,SH 8163,-,-,6,"5pcs Jakarta, 1pcs Surabaya",,
3009200,Oil Separator,2901-9200-40,-,-,7,"5pcs Jakarta, 2pcs  Surabaya",,
3009294,Oil Separator,2202-9294-00,-,-,2,Jakarta,,
3012008,Oil Separator,6.2008.0,-,-,10,"9pcs Jakarta, 1pcs Surabaya",,
3012011,Oil Separator,6.1963.0 = SOC 131027 = KV 110-003 = 6.2011.0/1,-,-,3,"1pcs Jakarta, 2pcs Surabaya",,
3012012,Oil Separator,6.2012.0 = 6.1960.0,-,-,5,"4pcs Jakarta, 1pcs Surabaya",,
3012017,Oil Separator,DB 2194,-,-,6,Jakarta,,
3012020,Oil Separator,6.2014.0/1 = 6.3511.0,-,-,1,Jakarta,,
3012024,Oil Separator,6.1965.0 = DB 2024 = 6.2013.0,-,-,6,"5pcs Jakarta, 1pcs Surabaya",,
3012025,Oil Separator,6.2015.0 = DB 2025,-,-,3,"2pcs Jakarta, 1pcs Surabaya",,
3012126,Oil Separator,6.3559.0/1 = DB 2126,-,-,3,Jakarta,,
3013569,Oil Separator,6.3569.0 = DC 3108,-,-,9,"2pcs Jakarta, 5pcs Surabaya, 2pcs Solo",,
3013571,Oil Separator,6.3571.0 = 6.3567.0,-,-,22,"18pcs Jakarta, 4pcs Surabaya",,
3013623,Oil Separator,6.3623.0,-,-,2,Surabaya,,
3013669,Oil Separator,3160305 = HPC 135.30.160.0305 = 6.3669.0 = NS 366940,-,-,14,"11pcs Jakarta, 3pcs Surabaya",,
3013672,Oil Separator,6.3672.0,-,-,0,,,
3013765,Oil Separator,6.3765.0,-,-,0,,,
3013789,Oil Separator,6.3789.0,-,-,2,"1pcs Jakarta, 1pcs Surabaya",,
3013792,Oil Separator,6.3792.0,-,-,8,"7pcs Jakarta, 1pcs Surabaya",,
3013795,Oil Separator,6.3795.0,-,-,0,,,
3014272,Oil Separator,6.4272.0,-,-,10,Jakarta,,
3014273,Oil Separator,6.4273.0,-,-,11,Jakarta,,
3032072,Oil Separator,92754688,-,-,10,"8pcs Jakarta, 2pcs Surabaya",,
3032108,Oil Separator,DB 2108,-,-,2,Jakarta,,
3032189,Oil Separator,DB 2189 = 8921-3011,-,-,5,Jakarta,,
3032473,Oil Separator,39894597 = 54601513 = 88248950 = 36876472 = DB 2473,-,-,7,"6pcs Jakarta, 1pcs Surabaya",,
3032475,Oil Separator,39863857 = 39831904 = DB 2475,-,-,4,Jakarta,,
3038045,Oil Separator,2238-8045,-,-,3,Jakarta,,
3039174,Oil Separator,22219174,-,-,2,Jakarta,,
3039500,Oil Separator,DB 2525 = 5450-9500,-,-,0,Jakarta,,
3042006,Oil Separator,250034-114 = 02250137-895,-,-,2,Jakarta,,
3051059,Oil Separator,BK 3842400 = DA 1059,-,-,4,"2pcs Jakarta, 2pcs Surabaya",,
3051070,Oil Separator,5903-1070 = 5232-3020,-,-,0,,,
3051077,Oil Separator,DA 1077,-,-,5,Jakarta,,
3051080,Oil Separator,5903-1080,-,-,5,"2pcs Jakarta, 3pcs Jakarta",,
3051090,Oil Separator,5903-1090,-,-,6,Jakarta,,
3051610,Oil Separator,59061610,-,-,0,,,
3052104,Oil Separator,100005424 = DB 2104,-,-,5,Jakarta,,
3052490,Oil Separator,5906-2490,-,-,2,"1pcs Jakarta, 1pcs Surabaya",,
3053188,Oil Separator,3053188,-,-,1,Jakarta,,
3080289,Oil Separator,1092-2002-89,-,-,4,Jakarta,,
3081912,Oil Separator,39831912,-,-,2,Jakarta,,
3072107,Oil Separator,A11427274,-,-,1,Jakarta,,
3085501,Oil Separator,3422005501,-,-,2,Jakarta,,
30021010,Oil Separator,05V.21.010,-,-,5,"4pcs Jakarta, 1pcs Surabaya",,
30714428,Oil Separator,100014428,-,-,1,Jakarta,,
30746910,Oil Separator,71131211-46910,-,-,0,,,
301151888,Oil Separator,6.2132.0 = SOC 151888 = 6.3535.0,-,-,8,"7pcs Jakarta, 1pcs Surabaya",,
308561340,Oil Separator,561340 (Champion),-,-,0,,,
3005525155,Oil Separator,3005525155 = 1055151PV 55/25/150 MM,-,-,0,,,
2400515 KC,Oil Separator, 2400515 KC = 115.30.400.0515,-,-,0,,,
300110-003,Oil Separator,6.1963.0  = 6.2011.0/1,-,-,13,Jakarta,,
3001230SA,Oil Separator,3001230SA (Tjakrindo),-,-,3,Jakarta,,
3001272SA,Oil Separator,3001272SA,-,-,2,Jakarta,,
3002620SA,Oil Separator,for SAPM 37 A (tahun 2023),-,-,2,Jakarta,,
30030SA,Oil Separator,30030SA = 30D-01-230,-,-,3,Jakarta,,
3003204SA,Oil Separator,3003204SA =  for SAPM 15 A = MSE 15 A = MSE 22 A = SAPM 22 A,-,-,3,Jakarta,,
3005060SA,Oil Separator,50A-02-230 = HD 564(sanfam),-,-,0,,,
300575-1/2/3,Oil Separator,1614-5673-00 = DF 5003,-,-,21,"17pcs Jakarta, 4pcs Surabaya",,
30060580SA,Oil Separator,Sanfam SB 580,-,-,7,Jakarta,,
300DCY75A,Oil Separator,A-A11-DNMC-100705,-,-,5,"4pcs Jakarta, 1pcs Surabaya",,
300ELM150,Oil Separator,ELM 150 = 2001001500,-,-,0,,,
300S37U,Oil Separator,"300S37U (Uk. 37 x 11,5 x 7,5cm)(Darisa Intimitra)",-,-,0,,,
300S55U,Oil Separator,"300S55U (Uk. 25 x 11,5 x 7,5cm)(Darisa Intimitra)",-,-,0,,,
30830A,Oil Separator,30830A = RB-9140265 = RCB 30-A,-,-,0,,,
30850A,Oil Separator,30850A = RB-9140365 =  RCB 50-A,-,-,0,,,
409805-001,Oil Separator,250034-122,-,-,0,,,
49 000 51 101,Oil Separator,49 000 51 101,-,-,0,,,
5517-3021,Oil Separator,5517-3021,-,-,0,,,
6221-3728-00,Oil Separator,6221-3728-00,-,-,0,,,
72.12302.0801.23,Oil Separator,72.12302.0801.23 = 72.12302.0804.24 = 72.12302.0801.00 = 71.10406.8083.22,-,-,0,,,
LB 1374/2,Oil Separator,575.000.105 = LB 1374/2,-,-,30,Jakarta,,
LB 962/2,Oil Separator,LB 962/2,-,-,0,,,
MSB6966-S,Oil Separator,MSB6966-S = 05V 21 080 = OSC 220 OZEN,-,-,3,Jakarta,,
MYF-70/110-P-K,Oil Separator,MYF-70/110-P-K (untuk Kadota),-,-,0,,,
MYF-70/175-P-K = 1595530100,Oil Separator,MYF-70/175-P-K (untuk APF) = 1595530100,-,-,0,,,
1005475,Oil Separator,MYF-70/60-P-K separator for MKP 2200 (for Asahimas),,,0,,,
P-CE03-517,Oil Separator,P-CE03-517,-,-,0,,,
P-CE03-577,Oil Separator,P-CE03-577,-,-,5,Jakarta,,
P-CE13-506,Oil Separator,P-CE13-506,-,-,0,,,
17CEELM0015,Mist Eliminator,ELM 150 = 405150-ELM Mist Eliminator,-,-,0,,,
ELM17CEELM0033,Mist Eliminator,ELM 1600 Mist = 4051600-ELM Mist Eliminator,-,-,0,,,
,,,,,,,,
OIL FILTER,,,-,-,,,,
200525,Oil Filter,250025-525 ,-,-,3,"2pcs Jakarta, 1 pcs Surabaya",,
200526,Oil Filter,250025-526 ,-,-,11,"8pcs Jakarta, 3pcs Surabaya",,
200709,Oil Filter,02250155-709,-,-,9,"7pcs Jakarta, 2pcs Surabaya",,
200712,Oil Filter,6.1901.0 = NO 011880 = W 712,-,-,0,,,
200712,Oil Filter,W 712,-,-,0,,,
200920,Oil Filter,W 920,-,-,5,Jakarta,,
200940,Oil Filter,6.1985.0,-,-,12,"10pcs Jakarta, 2pcs Surabaya",,
200956,Oil Filter,250008-956 = SH 8192,-,-,5,Jakarta,,
200996,Oil Filter,02250139-996,-,-,18,Jakarta,,
206506,Oil Filter,PS-CE11-506,-,-,0,,,
206507,Oil Filter,PS-CE11-507,-,-,0,,,
208505,Oil Filter,A00984 = 25200007-505,-,-,4,Jakarta,,
2001104,Oil Filter,C 1104,-,-,0,,,
2001884,Oil Filter,1837-0018-84,-,-,4,Jakarta,,
2006100,Oil Filter,1625-4261-00,-,-,0,,,
2006563,Oil Filter,3991-1615 = 39911615,-,-,2,Jakarta,,
2007378,Oil Filter,SH 8281 = 1621-7378-00,-,-,17,"9pcs Jakarta, 8pcs Surabaya",,
2008113,Oil Filter,1513-0337-01 = 2903-0337-01 = SH 8113,-,-,2,Jakarta,,
2008119,Oil Filter,SH 8119,-,-,0,,,
2008177,Oil Filter,SH 8177,-,-,0,,,
2008181,Oil Filter,200EDM369 = SH 8181,-,-,0,,,
2008189,Oil Filter,CR 21G30319 = SH 8189,-,-,2,Jakarta,,
2008253,Oil Filter,SH 8253,-,-,0,,,
2008263,Oil Filter,SH 8263,-,-,0,,,
2008267,Oil Filter,1622-3652-00 = SH P023,-,-,41,"30pcs Jakarta, 11pcs Surabaya",,
2008273,Oil Filter,SH P024 = 1622-3142-80,-,-,31,"26pcs Jakarta, 5pcs Surabaya",,
2008330,Oil Filter,SH 8330 ,-,-,0,,,
2008331,Oil Filter,1622-3652-00 = SH 8331,-,-,0,,,
2008332,Oil Filter,1622-3652-00 = SH 8332,-,-,11,Jakarta,,
2008333,Oil Filter,SH P024 = SH 8333,-,-,9,Jakarta,,
2008715,Oil Filter,1625-7525-00 = 2903-7525-00,-,-,59,"52pcs Jakarta, 7pcs Surabaya",,
2008722,Oil Filter, 2903-7526-00,-,-,4,Jakarta,,
2013462,Oil Filter,6.3462.0,-,-,10,Jakarta,,
2013463,Oil Filter,6.3463.0 = SH 8237 = 2013463,-,-,20,"12pcs Jakarta, 8pcs Surabaya",,
2013464,Oil Filter,6.3464.0/1 = SH 8235,-,-,13,"8pcs Jakarta, 5pcs Surabaaya",,
2013465,Oil Filter,6.3465.0,-,-,49,"46pcs  Jakarta, 3pcs Surabaya",,
2014493,Oil Filter,SH 8328 = 6.4493.0,-,-,18,11pcs Jakarta. 7pcs Surabaya,,
2014693,Oil Filter,6.4693.0,-,-,0,,,
2014778,Oil Filter, 6.4778.0,-,-,3,Jakarta,,
2031631,Oil Filter,3991-1631 = P165569,-,-,27,"25pcs Jakarta, 2pcs Surabaya",,
2039602,Oil Filter,3932-9602,-,-,7,Jakarta,,
2051220,Oil Filter,59031220,-,-,10,"9pcs Jakarta, 1pcs Surabaya",,
2051230,Oil Filter,59031230 = 49C07439XA,-,-,0,,,
2055850,Oil Filter,5343-5850 = 5903-5850,-,-,0,,,
2055910,Oil Filter,5517-5910,-,-,6,"3pcs Jakarta, 3pcs Surabaya",,
2058153,Oil Filter,SH 8153 = WD 920 For OSC 3 T,-,-,6,Jakarta,,
2085919,Oil Filter,SH 8708 = 8975919 = 8975-5919,-,-,2,Jakarta,,
2116110,Oil Filter,2116110,-,-,0,,,
3005009,Oil Filter,LB 11 102/2 = DF 5009,-,-,5,Jakarta,,
10026240,Oil Filter,C 26 240,-,-,2,Jakarta,,
20011102,Oil Filter,1614-7273-00 = W 11102,-,-,10,"5pcs Jakarta, 5pcs Surabaya",,
20020010,Oil Filter,05V.20.010,-,-,5,"4pcs Jakarta, 1pcs Surabaya",,
20113145,Oil Filter,6.1979.0 =SH 8109,-,-,25,"22pcs Jakarta, 3pcs Surabaya",,
20255910,Oil Filter,5281-5910,-,-,6,"3pcs Jakarta, 3pcs Surabaya",,
2204296212,Oil Filter,"02204296212 For SAF 50, SAF 60, SAF 30",-,-,8,Jakarta,,
1 X 10642,Oil Filter,1 X 10642 = P 2007739 = P 550251,-,-,0,,,
200940/5,Oil Filter,W 940/5,-,-,8,Jakarta,,
200962/12,Oil Filter,1202-8040-00 = WD 962/12 = 200962/12,-,-,14,Jakarta,,
200962-1/2/3,Oil Filter,1613-6105-00 = SH 8107 =  55175910 = 6.1981.0,-,-,601,"442pcs Jakarta, 123pcs Surabaya, 36pcs Solo",,
20D940/5,Oil Filter,WD 940/5,-,-,0,,,
50060050A,Oil Filter,Mist Eliminator = SAOF 50 A = SAOF 40 A,-,-,0,Jakarta,,
500600A,Oil Filter,P3515B158-3 (Elliot) = P1404987-0014,-,-,0,,,
500600SAOF30A,Oil Filter,"P3515B158-3 (Elliot) = P1404987-0014 (Cover Plastik = For SAOF 30 A, SAOF 20 A",-,-,0,,,
500DCW15A ,Oil Filter,Water Filter for DCW 15 A,-,-,19,Jakarta,,
71.10337.8074.00,Oil Filter,71.10337.8074.00,-,-,0,,,
71.12600.3381.00,Oil Filter,71.12600.338120 = 71.12600.338100 = 71.12600.338110 = 71.12600.3381.00,-,-,0,,,
H 1060 N,Oil Filter,H 1060 N,-,-,20,Jakarta,,
J8611670,Oil Filter,J8611670 = 100 HP,-,-,0,,,
P 555680,Oil Filter,P 555680,-,-,0,,,
P558615,Oil Filter,P558615,-,-,0,,,
P-CE13-510,Oil Filter,P-CE13-510 (Kobelco),-,-,1,Surabaya,,
P-CE13-526,Oil Filter,P-CE13-526 (Kobelco),-,-,6,Surabaya,,
TB 1374 X,Oil Filter,TB 1374 X,-,-,0,,,
W 1140,Oil Filter,W 1140,-,-,4,Jakarta,,
W 13 145/3,Oil Filter,W 13145/3,-,-,11,Jakarta,,
W 1374/2,Oil Filter,W 1374/2,-,-,5,Jakarta,,
W 719/5,Oil Filter,W 719/5 = 1513-0337-00,-,-,0,,,
W 77,Oil Filter,W 77,-,-,4,Jakarta,,
W 917,Oil Filter,1030-0882-00 = W 917,-,-,6,Jakarta,,
W 929/3,Oil Filter,W 929/3,-,-,10,Jakarta,,
W 940/15 n,Oil Filter,W 940/15 n = W 940/15n,-,-,8,Jakarta,,
W 950 = 200950,Oil Filter,W 950 = K21000000002 = (for MSE 15 A = SAPM 15 A = SAPM 11 A),-,-,4,Jakarta,,
W 962,Oil Filter,9211-8678/6.1981.0 = W 962,-,-,0,,,
WD 13 145,Oil Filter,WD 13 145,-,-,0,,,
WD 1374,Oil Filter,WD 1374,-,-,0,,,
WD 724/3,Oil Filter,WD 724/3,-,-,1,Jakarta,,
WD 724/6,Oil Filter,WD 724/6,-,-,5,"4pcs Jakarta, 1pcs Surabaya",,
WD 962,Oil Filter,WD 962,-,-,0,,,
WD 962/21,Oil Filter,6.1981.0 Long Life,-,-,6,Jakarta,,
WD 962/32,Oil Filter,WD 962/12 = WD 962/32,-,-,1,Jakarta,,
WDK 13 145,Oil Filter,6.3465.0,-,-,2,Jakarta,,
,,,,,,,,
FILTER ELEMENT,,,-,-,,,,
400972,Filter Element,02250194-972,-,-,0,,,
400973,Filter Element,02250194-973,-,-,0,,,
4002620,Filter Element,4002620 for Mis Eliminator ELM 1600,-,-,0,,,
4009034,Filter Element,"SM 9034, 1 mikron Prefilter = EZ 2020 Z",-,-,2,Jakarta,,
4009035,Filter Element,"SM 9035, 0,01 mikron Afterfilter = EZ 2020 X",-,-,2,Jakarta,,
4009036,Filter Element,EZ 2020 C = SM 9036,-,-,5,Jakarta,,
4009038,Filter Element,"SM 9038, 1 mikron Prefilter =  EZ 2030 Z",-,-,2,Jakarta,,
4009039,Filter Element,"SM 9039, 0,01 mikron Afterfilter =  EZ 2030 X = EZ 2030 H",-,-,3,Jakarta,,
4009042,Filter Element,EZ 2050 U = SM 9042,-,-,3,Jakarta,,
4009043,Filter Element,"SM 9043, 0,01 mikron Afterfilter =  EZ 2050 X",-,-,6,Jakarta,,
4009045,Filter Element,EZ 3050 P = SM 9045,-,-,3,Jakarta,,
4009056,Filter Element,SM 9056,-,-,10,Jakarta,,
4009069,Filter Element,ED 085 U = 2901-0193-00 = K 145 AO = 1202-6259-04,-,-,6,Jakarta,,
4009070,Filter Element,ED 085 H = 2901-0198-00 = K 145 AA = 1202-6259-03,-,-,18,"12pcs Jakarta, 6pcs Surabaya",,
4009072,Filter Element,ED 085 C = SM 9072,-,-,6,Jakarta,,
4009073,Filter Element,ED 195 U = 1202-6262-02 = K 220 AO = K 220 AR = 2901-0194-00 = 250024-428 = SM 9073,-,-,12,"10pcs Jakarta, 2pcs Surabaya",,
4009074,Filter Element,ED 195 H = 1202-6262-01 = K 220 AA = 2901-0199-00 = 250024-436 = SM 9074,-,-,4,"3pcs Jakarta, 1pcs Surabaya",,
4009075,Filter Element,ED 195 C = SM 9075,-,-,1,Jakarta,,
4009076,Filter Element,SM 9076 = 1202-6264-04,-,-,18,Jakarta,,
4009077,Filter Element,SM 9077 = 1202-6264-03,-,-,16,"12pcs Jakarta, 4pcs Surabaya",,
4009078,Filter Element,ED 295 C = K 330 AC,-,-,0,,,
4009079,Filter Element,ED 400 U = K 430 AO = 2906-0212-00 = K 430 AO = K 430 AR = K 400 AO = K 400 AR,-,-,23,"20pcs Jakarta, 3pcs Surabaya",,
4009080,Filter Element,ED 400 H = K 430 AA,-,-,8,Jakarta,,
4009081,Filter Element,ED 400 C = K 430 AC = SM 9081,-,-,4,"1pcs Jakarta,3 pcs Surabaya",,
4009082,Filter Element,ED 500 U = DD 500 SM 9082  = 4009082,-,-,2,"1pcs Jakarta, 1pcs Surabaya",,
4009083,Filter Element,ED 500 H = PD 500 = SM 9083 ,-,-,2,"1pcs Jakarta, 1pcs Surabaya",,
4009084,Filter Element,ED 500 C = SM 9084,-,-,4,Jakarta,,
4009154,Filter Element,EU 05/25 U = SM 9154,-,-,0,,,
4009155,Filter Element,EU 05/25 H = SM 9155,-,-,6,Jakarta,,
4009162,Filter Element,EU 07/30 U = SM 9162,-,-,2,Jakarta,,
4009164,Filter Element,07/30 H ,-,-,0,,,
4009165,Filter Element,SM 9165 = AK 07/30 = EU 07/30 = MF 07/30 Carbon,-,-,0,,,
4009167,Filter Element,SM 9167,-,-,0,,,
4009168,Filter Element,SM 9168,-,-,0,,,
4009175,Filter Element,SM 9175 = ODO 2030 XM/F,-,-,0,,,
4009177,Filter Element,SM 9177 = ODO 2030 AK/A,-,-,0,,,
4009327,Filter Element,SM 9327 = DD 60,-,-,0,,,
4009328,Filter Element,SM 9328 = PD 60,-,-,0,,,
4009329,Filter Element,2901-2005-04,-,-,0,,,
4009330,Filter Element,1613-7041-03 = EAC 120 U = SM 9330,-,-,5,"4pcs Jakarta, 1pcs Surabaya",,
4009331,Filter Element,1613-7041-01 = EAC 120 H = SM 9331,-,-,5,"4pcs Jakarta, 1pcs Surabaya",,
4009332,Filter Element,QD 120 = 2901-0537-00,-,-,0,,,
4009333,Filter Element,SM 9333 = EAC 150 U,-,-,4,"3pcs Jakarta, 1pcs Surabaya",,
4009334,Filter Element,SM 9334 = EAC 150 H,-,-,4,"3pcs Jakarta, 1pcs Surabaya",,
4009336,Filter Element,DD 175 = EAC 175 U = SM 9336 ,-,-,2,Jakarta,,
4009337,Filter Element,PD 175 = EAC 175 H = SM 9337 ,-,-,1,Jakarta,,
4009338,Filter Element,SM 9338 = EAC 260 P (3 micron),-,-,0,,,
4009339,Filter Element,SM 9339 = 2901-0544-00,-,-,3,"2pcs Jakarta, 1pcs Surabaya",,
4009340,Filter Element,SM 9340,-,-,0,,,
4009341,Filter Element,SM 9341,-,-,0,,,
4009342,Filter Element,EAC 390 U = 2906-7000-00 = DD 390 = SM 9342 ,-,-,1,Jakarta,,
4009343,Filter Element,EAC 390 H = 2906-7001-00 = PD 390 = SM 9343 ,-,-,1,Surabaya,,
4009344,Filter Element,EAC 390C = SM 9344,-,-,0,,,
4009345,Filter Element,EAC 520 U = 1617-7043-07 = DD 520 = SM 9345 ,-,-,5,"4pcs Jakarta, 1pcs Surabaya",,
4009346,Filter Element,EAC 520 H = 1617-7043-05 = PD 520 = SM 9346 ,-,-,5,"4pcs Jakarta, 1pcs Surabaya",,
4009347,Filter Element,EAC 520 C = SM 9347) = QD 520,-,-,0,,,
4009354,Filter Element,SM 9354 = ODO 2030 PE/P,-,-,0,,,
4009358,Filter Element,DD 780 = DDP 780 =1617-7073-03 = SM 9358,-,-,8,"5pcs Jakarta, 3pcs Surabaya",,
4009359,Filter Element,SM 9359,-,-,9,"6pcs Jakarta, 3pcs Surabaya",,
4009557,Filter Element,2901-3004-08 = UD 220+,-,-,0,,,
4009925,Filter Element,EKS 0138 P = EG 138 = 400138C,-,-,0,,,
4009929,Filter Element,EG 283 = 9.4895.0 ,-,-,0,,,
4009943,Filter Element,EF 283 = 9.4883.0 = SM 9943,-,-,0,,,
4009951,Filter Element,EKS 0138 H = EE 138,-,-,0,,,
4009954,Filter Element,EE 185 = SM 9954,-,-,0,,,
4009975,Filter Element,SM 975,-,-,1,Jakarta,,
4009990,Filter Element,EB 185,-,-,0,,,
40051140,Filter Element,40051140,-,-,2,Jakarta,,
40000210H,Filter Element," Donaldson S0210 (0,01 micron)",-,-,0,,,
400010H,Filter Element,EA 10 H,-,-,0,,,
400010U,Filter Element,EA 10 U,-,-,0,,,
400015H,Filter Element,400015H / AE 15 AF,-,-,0,,,
400028H,Filter Element,EE 28,-,-,0,,,
400028U,Filter Element,ED 28,-,-,0,,,
400048C,Filter Element,EG 48 = 9.4888.0,-,-,0,,,
400048H,Filter Element,EE 48),-,-,0,,,
400048S,Filter Element,EF 48 = 9.4876.0,-,-,0,,,
400048U,Filter Element,ED 48,-,-,0,,,
400050H,Filter Element,400050H = Y (for OSC 5 TD),-,-,2,"2pcs Jakarta, 2pcs Surabaya",,
400050U,Filter Element,400050U = X (for OSC 5 TD),-,-,2,"2pcs Jakarta, 2pcs Surabaya",,
400055H (Y),Filter Element,400055H (Y) (MKE 53 New),-,-,3,Jakarta,,
400055H-FR,Filter Element,"400055H-FR = FTX 055 = 0,01 micron",-,-,0,,,
400055U (X),Filter Element,400055U (X) (MKE 53 New),-,-,3,Jakarta,,
400055U-FR,Filter Element,400055U-FR = FTS 055 = 1 micron,-,-,0,,,
400060H,Filter Element,K 060 AA,-,-,3,Jakarta,,
400060N,Filter Element,K 060 AR,-,-,6,Jakarta,,
400060U,Filter Element,K 060 AO,-,-,6,Jakarta,,
40007/25C,Filter Element,AK 07/25,-,-,0,,,
40007/25H,Filter Element,SMF 07/25 H,-,-,0,,,
400100H,Filter Element,AE 100 AF,-,-,0,,,
400100U,Filter Element,AE 100 PF,-,-,0,,,
4001030U,Filter Element,4001030U = EQ 10/30 GDU,-,-,0,,,
400107H,Filter Element,EKS 107 H = EE 107,-,-,1,Jakarta,,
400107S,Filter Element,EF 107,-,-,0,,,
4001120H,Filter Element,971431120 (for Gosyen mesin Vacum),-,-,0,,,
4001200H,Filter Element,4001200H = Y,-,-,2,Jakarta,,
4001200U,Filter Element,4001200U = X,-,-,0,,,
4001205H (Y),Filter Element,4001205H (Y) (MKE 1200 New),-,-,5,Jakarta,,
4001205U (X),Filter Element,4001205U (X) (MKE 1200 New),-,-,5,Jakarta,,
4001210 P,Filter Element,4001210 P,-,-,1,Jakarta,,
4001210 X,Filter Element,4001210 X,-,-,1,Jakarta,,
4001210H,Filter Element,"4001210H (Y) (for MKE 623, MKE 930, MKE 1200)",-,-,23,"21pcs Jakarta, 2pcs Surabaya",,
4001210U,Filter Element,"4001210U (X )(for MKE 623,MKE 930, MKE 1200)",-,-,23,"21pcs Jakarta, 2pcs Surabaya",,
400125H,Filter Element,AE 125 H,-,-,0,,,
400125U,Filter Element,AE 125 U,-,-,0,,,
400132B,Filter Element,400132B = CE 0132 B,-,-,0,,,
400138S,Filter Element,EF 138,-,-,0,,,
400138U,Filter Element,ED 138 = EKS 0138 U,-,-,0,,,
400150P,Filter Element,NFF 1510 QWD) = EH 150 P,-,-,0,,,
4001510 P,Filter Element,4001510 P,-,-,1,Jakarta,,
4001510X,Filter Element,4001510X,-,-,3,Jakarta,,
4001510Y,Filter Element,4001510Y,-,-,2,Jakarta,,
4001550H,Filter Element,4001550H = Y,-,-,1,Jakarta,,
4001550U,Filter Element,4001550U = X,-,-,1,Jakarta,,
400155H (Y),Filter Element,400155H (Y) (MKE 190 New)(HRND 155),-,-,4,Jakarta,,
400155U (X),Filter Element,400155U (X) (MKE 190 New) (HRND 155),-,-,4,Jakarta,,
400160F C,Filter Element,"400160F C = EQ FTZ 160 (0,03 micron)",-,-,0,,,
400160F H,Filter Element,"400160F H = EQ FTX 160 (0,01 micron)",-,-,0,,,
400160F U ,Filter Element,400160F U = EQ FTS 160 (1 micron),-,-,0,,,
400168U ,Filter Element,400168U = AL 168),-,-,0,,,
400177C,Filter Element,EKS 0177 C,-,-,0,,,
400177P,Filter Element,EB 177 = 9.4820.0,-,-,0,,,
400177S,Filter Element,EKS 0177 S,-,-,0,,,
4001805H (Y),Filter Element,4001805H (Y) (HRND 1388 New) (1 set isi 2pcs grade U dan 2pcs grade H),-,-,5,Jakarta,,
4001805U (X),Filter Element,4001805U (X) (HRND 1388 New) (1 set isi 2pcs grade U dan 2pcs grade H),-,-,5,Jakarta,,
4001820H (Y),Filter Element,"4001820H (Y) (MKE 1388, MKE 1800)",-,-,14,"12pcs Jakarta, 2pcs Surabaya",,
4001820U (X),Filter Element,"4001820U (X) (MKE 1388, MKE 1800)",-,-,9,"7pcs Jakarta, 2pcs Surabaya",,
400185C,Filter Element,EG 185,-,-,0,,,
400185P,Filter Element,EB 185,-,-,0,,,
400185S,Filter Element,EF 185 = ES 142D8XE-F-185,-,-,0,,,
400185U,Filter Element,ED 185,-,-,0,,,
400190H,Filter Element,"400190H = AE 190 (0,01 micron) (Flange 1040)",-,-,0,,,
400190U,Filter Element,400190U = AE 190 (1 micron) (Flange 1040),-,-,0,,,
4001B168 AL,Filter Element,4001B168 AL (for Fliurr Air),-,-,0,,,
4002030H,Filter Element,ZD 2030 = 4002030H,-,-,0,,,
400221C,Filter Element,EG 221 = 9.4893.0),-,-,0,,,
400221S,Filter Element,EKS 0221 S = 400221S,-,-,0,,,
400250H,Filter Element,400250H = 400250H-M,-,-,0,,,
400250U,Filter Element,400250U = 400250U-M,-,-,0,,,
4002700H (Y),Filter Element,"4002700H (Y) (MKE 2500, MKE 2775)",-,-,18,Jakarta,,
4002700U (X),Filter Element,"4002700U (X) (MKE 2500, MKE 2775)",-,-,19,Jakarta,,
4002775H (Y),Filter Element,4002775H (Y) (HRND 2775 New)(JRND 2500),-,-,4,Jakarta,,
4002775U (X),Filter Element,4002775U (X) (HRND 2775 New)(HRND 2500),-,-,4,Jakarta,,
400290C,Filter Element,"EA 290 C (0,03 mikron / carbon)",-,-,0,,,
400290H,Filter Element,EA 290H,-,-,0,,,
400290U,Filter Element,EA 290 U (1 mikron),-,-,0,,,
400405H(Y),Filter Element,4000405H (Y) (HRND 305 New),-,-,3,Jakarta,,
400405U(X),Filter Element,4000405U (X) (HRND 305 New),-,-,3,Jakarta,,
400500H (Y),Filter Element,"400500H = Y (for MKE 210, MKE 305, MKE 375)",-,-,8,Jakarta,,
400500U (X),Filter Element,"400500U = X (for MKE 210, MKE 305, MKE 375)",-,-,8,Jakarta,,
4005060C,Filter Element,4005060C = EZ 5060 C,-,-,0,,,
4005060H,Filter Element,4005060H = EZ 5060 H,-,-,0,,,
4005060U,Filter Element,4005060U = EZ 5060 U),-,-,0,,,
4005075H,Filter Element,4005075H = 5075 XP = EA 5075 H,-,-,0,,,
4005075U,Filter Element,4005075U = 5075 ZP =EZ 5075 U,-,-,0,,,
40050H,Filter Element,050 AA,-,-,0,,,
40050N,Filter Element,050 AR,-,-,4,Jakarta,,
40050U,Filter Element,050 AO,-,-,0,,,
40055U,Filter Element,EA 55 U,-,-,3,Jakarta,,
4005850H (Y),Filter Element,"4005850H (Y) (HRND 3330 New) (1set isi 2pcs grade U, 2 pcs grade H)",-,-,6,Jakarta,,
4005850U (X),Filter Element,"4005850U (X) (HRND 3330 New) (1set isi 2pcs grade U, 2 pcs grade H)",-,-,6,Jakarta,,
400625H,Filter Element,"400625H (0,01 micron) = EA 625",-,-,2,Jakarta,,
4007137H,Filter Element,EHK 7137 H,-,-,0,,,
4007137U,Filter Element,EHK 7137 U,-,-,0,,,
400775H,Filter Element,EA 775 H,-,-,0,,,
400775U,Filter Element,EA 775 U,-,-,0,,,
400805H (Y),Filter Element,400805H (Y) (HRND 623 New),-,-,7,,,
400805U (X),Filter Element,400805U (X) (HRND 623 New),-,-,7,,,
40083KE,Filter Element,E 83 KE,-,-,0,,,
400851H (Y),Filter Element,400851H = Y (HRND 495),-,-,6,Jakarta,,
400851U (X),Filter Element,400851U = X (HRND 495),-,-,6,Jakarta,,
4009360C,Filter Element,4009360 C = 1617-7073-02 = QD 1050,-,-,0,,,
400AC425H,Filter Element,PD 425 = 1624-1833-01 = 2901-2004-09,-,-,0,,,
400AC425U,Filter Element,DD 425 = 1624-1833-03 = 2901-2003-09,-,-,0,,,
400AC850C,Filter Element,QD 850,-,-,0,,,
400AC850H,Filter Element,PD 850,-,-,0,,,
400AC850S,Filter Element,PD 850,-,-,0,,,
400AC850U,Filter Element,DD 850,-,-,0,,,
400BL500C,Filter Element,BL 500 AC (Elite for Prima Rajuli)(carbon),-,-,0,,,
400BL500H,Filter Element,"BL 500 AQ (Elite for Prima Rajuli) (0,01 micron)",-,-,0,,,
400BL500U,Filter Element,BL 500 AP (Elite for Prima Rajuli)(1 micron),-,-,0,,,
400D0320C,Filter Element,400D0320C (Donaldson),-,-,0,,,
400D0320H,Filter Element,400D0320H (Donaldson),-,-,0,,,
400D1100C,Filter Element,"400D1100C (0,003 mg/m) = Donaldson S 1100",-,-,0,,,
B0GE 250 FP,Filter Element,Filter Element B0GE 250 FP (1 micron) 400250FP (After Filter) Supplier 6,-,-,0,,,
B0GE 250 V,Filter Element,Filter Element B0GE 250 FP (3 micron) 400250V (Fre Filter) Supplier 6,-,-,0,,,
BOGE 1/120 H,Filter Element,"Filter Element BOGE 1/120 H (0,01 mikron)",-,-,0,,,
BOGE 1/120 U,Filter Element,Filter Element BOGE 1/120 U (1 mikron),-,-,0,,,
400D1100H,Filter Element,"400D1100H (0,01 micron) = Donaldson S 1100",-,-,0,,,
400D1100U,Filter Element,400D1100U (1 micron) = Donaldson S 1100,-,-,0,,,
400D200H,Filter Element,400D200H = AQ 200 AA = ODHE 200 AA,-,-,0,,,
400D200U,Filter Element,400D200U = AQ 200 AO = ODHE 200 AO,-,-,0,,,
400D450H,Filter Element,M-0450,-,-,0,,,
400D450S,Filter Element,S-0450,-,-,0,,,
400D450U,Filter Element,V-0450,-,-,0,,,
400EL14050H,Filter Element,400EL14050H = Fluir Air,-,-,0,,,
400EL14050U,Filter Element,400EL14050U = Fluir Air,-,-,0,,,
400F400H,Filter Element,FTX 400,-,-,0,,,
400F400U,Filter Element,FFTS 400,-,-,0,,,
400FT080H,Filter Element,FT 080 AF,-,-,0,,,
400FT080U,Filter Element, FT 080 PF,-,-,0,,,
400G150U,Filter Element,400G150U = G 150 = EA 150U,-,-,0,,,
400H150H,Filter Element,EH 150 H (for MKE 155),-,-,0,,,
400H150U,Filter Element,EH 150 U (for MKE 155),-,-,0,,,
400IR66816,Filter Element,400IR66816,-,-,0,,,
400K107C,Filter Element,EG 107,-,-,0,,,
400K107H,Filter Element,EE 107),-,-,0,,,
400K107P,Filter Element,EB 107,-,-,0,,,
400K107U,Filter Element,ED 107,-,-,0,,,
400NX1850H,Filter Element,NX 1850H = Nexus,-,-,1,Jakarta,,
400NX1850U,Filter Element,NX 1850U = Nexus,-,-,0,,,
400O1000H/S,Filter Element,"ORION LSF 1000 = (0,01 Micron)",-,-,1,Jakarta,,
400O1000P,Filter Element,ORION DSF 1000 = (3 Micron),-,-,6,Jakarta,,
400O1000U,Filter Element,ORION MSF 1000 = (1 Micron),-,-,7,Jakarta,,
400O1300H,Filter Element,"ORION 1300 ELS = (0,01 Micron)",-,-,1,Jakarta,,
400O1300H-PL,Filter Element,"ORION 1300 ELS = (0,01 Micron)(Encap Plastik)",-,-,2,Jakarta,,
400O1300U,Filter Element,ORION 1300 EMS = (1 Micron),-,-,11,Jakarta,,
400O1300U-PL,Filter Element,ORION 1300 EMS  = (1 Micron)(Encap Plastik),-,-,2,Jakarta,,
400O2000C,Filter Element,NEW ORION 2000,-,-,0,,,
400O2000H,Filter Element,MSF 2000,-,-,1,Jakarta,,
400O2000U,Filter Element,LSF 2000,-,-,1,Jakarta,,
400O400H,Filter Element,Orion 400 = MSF,-,-,0,,,
400O400U,Filter Element,Orion 400 = KSF,-,-,0,,,
400O700C,Filter Element,KSF 700 AL,-,-,0,,,
400O700H,Filter Element,ORION ELS 700,-,-,0,,,
400O700S,Filter Element,MSF 700 AL,-,-,0,,,
400O700U,Filter Element,LSF 700 AL,-,-,0,,,
400SA007H,Filter Element,400SA007H (0.01 micron) = A-7-A = for HSD-8WXF (Nutrifood),-,-,2,Jakarta,,
400SA007P,Filter Element,400SA007P (5 micron) = A-7-C for HSD-8WXF (Nutrifood),-,-,,,,
400SA007U,Filter Element,400SA007U (1 micron) = A-7-T = for HSD-8WXF (Nutrifood),-,-,2,Jakarta,,
400SA010H,Filter Element,400SA010H (0.01 micron) = A-10-A,-,-,7,Jakarta,,
400SA010P,Filter Element,400SA010P (5 micron) = A-10-C,-,-,4,Jakarta,,
400SA010U,Filter Element,400SA010U (1 micron) = A-10-T,-,-,5,Jakarta,,
400SA020H,Filter Element,"400SA020U = A-020-A = (0,01 micron) = for SARD 20 NF",-,-,3,Jakarta,,
400SA020U,Filter Element,400SA020U = A-020-T = (1 micron) = for SARD 20 NF,-,-,3,Jakarta,,
400SA450H,Filter Element,"400SA450H (0,01 micron)",-,-,0,,,
400SA450U,Filter Element,400SA450U (1 micron),-,-,0,,,
400SW06050H,Filter Element,EL-01706-0650H,-,-,0,,,
400SW06050U,Filter Element,EL-01706-0650U,-,-,0,,,
400W1160H,Filter Element,400W1160H,-,-,4,Jakarta,,
400W1160U,Filter Element,400W1160U,-,-,4,Jakarta,,
E 200-55-C,Filter Element,Van Air E 200-55-C,-,-,0,,,
E 200-55-C,Filter Element,E 200-55-C,-,-,0,,,
E 200-55-RD,Filter Element,Van Air E 200-55-RD),-,-,0,,,
ED 500 C-P,Filter Element,ED 500 C = SM 9084,-,-,0,,,
ED 500P,Filter Element,ED 500P,-,-,0,,,
40045/25230,Filter Element = Filter hydraulic,40045/25230 = 45/25 diameter 230mm)(IPPI),-,-,1,Jakarta,,
40045/2590,Filter Element = Filter hydraulic,40045/2590 = 45/25 diameter 90mm)(IPPI),-,-,1,Jakarta,,
40055/30120,Filter Element = Filter hydraulic,40055/30120 = 55/30 diameter 120mm)(IPPI),-,-,1,Jakarta,,
400100/50210,Filter Element = Filter hydraulic,400100/50210 = 100/50 diameter 210mm)(IPPI)+,-,-,1,Jakarta,,
,,,,,,,,
HOUSING FILTER & WATER SEPARATOR,,,-,-,,,,
401290H,Housing Filter,"401125 = A 125 AF with DPG (0,01 micron) = 401290H",-,-,0,,,
401290P,Housing Filter,401125 = A 125  with DPG (3 micron) = 401290P,-,-,0,,,
401290U,Housing Filter,401125 = A 125 PF with DPG (1 micron),-,-,0,,,
401370U,Housing Filter,401370U + DPG Gauge & Auto Drain,-,-,0,,,
4014300H,Housing Filter,4014300H = F 4300,-,-,0,,,
4014300U,Housing Filter,4014300U = F 4300,-,-,0,,,
401780H,Housing Filter,"401780H = F-780 H (0,01 mikron)",-,-,0,,,
401780U,Housing Filter,401780U = F-780 U (1 mikron),-,-,0,,,
4018500U,Housing Filter,4018500U = F-8500 U (1 mikron),-,-,0,,,
401DD07H,Housing Filter,"401DD-07H = SOY-007- A = 401HF5-007H (0,01 micron) for HSD-8WXF (Nutrifood)(Leading Garmen, BMJ)",-,-,0,,,
401DD07U,Housing Filter,"401DD-07U = SOY-007-T = 401HF7-007U (1 micron) for HSD-8WXF (Nutrifood)(Leading Garmen, BMJ",-,-,0,,,
401DD10H,Housing Filter,401DD-10H = 401DD-13H (0.01micron) = SOY-010-A,-,-,0,,,
401DD10U,Housing Filter,401DD-10U = 401DD-13U (1micron) = SOY-010-T,-,-,0,,,
401DD-20H,Housing Filter,"401DD-20H = SOY-020- A = (0,01 micron) for SARD 20 NF (Bumi Kaya Steel)",-,-,0,,,
401DD-20U,Housing Filter,401DD-20U = SOY-020- T = (1 micron) for SARD 20 NF (Bumi Kaya Steel),-,-,0,,,
401F3200-P,Housing Filter,401F3200-P = F 3200 with DP Gauge & Auto Drain,-,-,0,,,
401SA010C,Housing Filter,401SA010C (Carbon = Airflux A 100,-,-,0,,,
401SA010H,Housing Filter,"401SA010H (0,01 micron = Airflux A 100",-,-,0,,,
401SA010P,Housing Filter,401SA010P (3micron),-,-,0,,,
401SA010U,Housing Filter,401SA010U (1 micron = Airflux A 100,-,-,0,,,
401SA014U,Housing Filter,401SA014U (1 micron),,,0,,,
401SA014H,Housing Filter,"401SA014H (0,01 micron)",,,0,,,
402A75,Water Separator,402A75 = A 75,-,-,0,,,
402F0181W,Water Separator,402F0181W,-,-,0,,,
402F1060W,Water Separator,402F1060W = F 1060 W,-,-,0,,,
402F28,Water Separator,402F28 = CSC 28,-,-,0,,,
402F36,Water Separator,402F36 = CSC 36,-,-,0,,,
402015,Water Separator,402015 = WS 15,-,-,0,,,
402025,Water Separator,402025 = RCS 025,-,-,0,,,
402343,Water Separator,402343 = RCS 343 = A 100,-,-,0,,,
,,,-,-,,,,
SPARE PART,,,-,-,,,,
Alco 305,Filter Dryer = Filter Refrigerant,Alco 305,-,-,0,,,
EK 304,Filter Dryer = Filter Refrigerant,EK 304,-,-,0,,,
DML 163 S,Filter Dryer = Filter Refrigerant,DML 163 S,-,-,0,,,
DCL 165S,Filter Dryer = Filter Refrigerant,DCL 165S,-,-,0,,,
DML 053 S,Filter Dryer = Filter Refrigerant,DML 053 S Danfoss,-,-,0,,,
DML 083,Filter Dryer = Filter Refrigerant,DML 083,-,-,0,,,
EK 052,Filter Dryer = Filter Refrigerant,Alco EK 052,-,-,0,,,
EK 083,Filter Dryer = Filter Refrigerant,EK 083,-,-,0,,,
EK 16 3,Filter Dryer = Filter Refrigerant,EK 163,-,-,0,,,
EK 164,Filter Dryer = Filter Refrigerant,EK 164,-,-,0,,,
EK 417 S,Filter Dryer = Filter Refrigerant,EK 417 S,-,-,0,,,
HMBD 13 PA,Auto Drain,HMBD 13 PA,-,-,8,Jakarta,,
CDE 1610 BSP,Auto Drain,CDE 1610 BSP,-,-,0,,,
CDE 2050 BSP,Auto Drain,CDE 2050 BSP,-,-,0,,,
HMBD 20,Auto Drain,HMBD 20 B,-,-,4,,,
CE 1606 BSP,Auto Drain,CE 1606 BSP,-,-,0,,,
CE 1618 BSP,Auto Drain,CE 1618 BSP,-,-,0,,,
CE 1624,Auto Drain,CE 1624,-,-,0,,,
HTD 16,Auto Drain,HTD 16,-,-,3,Jakarta,,
HTD 50,Auto Drain,HTD 50,-,-,1,Jakarta,,
SCM 40,Auto Drain,SCM 40 + Nipplo,-,-,0,,,
HEZL 12 VDC (24 V),Auto Drain,HEZL 12 VDC (24 V),-,-,0,,,
HEZL 75,Auto Drain,HEZL 75,-,-,3,Jakarta,,
IAD 516,Auto Drain,IAD 516 = IAD 116 (Pelampung Putih),-,-,1,Jakarta,,
HEZL 12,Auto Drain,HEZL 12,-,-,2,Jakarta,,
HEZL 25,Auto Drain,HEZL 25,-,-,0,,,
HEZL 150,Auto Drain,HEZL 150,-,-,0,,,
DP Gauge 12,DP Gauge 12,DP Gauge 12,-,-,0,,,
,,,-,-,,,,
OIL COMPRESSOR & CHEMICAL,,,,,,,,
50302,Carbon Remover = Chemical Off line,Carbon Remover=Chemical Off line,-,-,14,Jakarta,,
Chemical Descaler,Chemical Dynamic Descaler (per liter),Chemical Dynamic Descaler (per liter),-,-,0,,,
50301,Chemical Online = Renonet C Plus,Chemical Online = Renonet C Plus,-,-,10,,,
50146 SLS,Oil Screw Compressor,50146 SLS = Corena S3 R 46 (Khusus mesin Compressor Star Air sebelum Cuci Cooler),-,-,3,Jakarta,,
50046 XL,Oil Screw Compressor,50046 XL = Renolin RSC 46,-,-,16,"11pail Jakarta, 2pail Surabaya, 3pail Solo",,
50132 XLS,Oil Screw Compressor,50132 XLS = SC MC 32,-,-,0,,,
50146 XLS,Oil Screw Compressor,50146 XLS = Renolin SC MC 46,-,-,27,"20pail Jakarta, 5pail Surabaya, 2pail Solo",,
50246 XXLS,Oil Screw Compressor,50246 XXLS = Renolin UNISYN OL 46,-,-,16,"11pail Jakarta, 5pail Surabaya",,
50168 XLS,Oil Screw Compressor,50168 XLS = iso 68 = Renolin SC MC 68,-,-,7,Jakarta,,
50232 XXLS,Oil Screw Compressor,50232 XXLS iso 32 = Renolin Uniysin 32,-,-,0,,,
50368,Oil Screw Compressor Food Grade,50368 = Cassida CR 68,-,-,0,,,
50346,Oil Screw Compressor Food Grade,50346 = Cassida CR 46,-,-,0,,,
"500,04",Dessicant AA = Activated Alumina,Dessicant AA = Activated Alumina = MS 500.040 = 150kg = K1,-,-,600kg,Jakarta,,
"500,07",Dessicant MS = Molecular Sieve,Dessicant MS = Molecular Sieve = MS 500.070 = 140kg,-,-,420kg,Jakarta,,
,,,,,,,,
SCREW COMPRESSOR,,,-,-,,,,
OSC 30,Screw Air Compressor,OSC 30 Screw Air Compressor,-,-,0,,,
OSC 50,Screw Air Compressor,OSC 50 = OSC 37 Screw Air Compressor,-,-,0,,,
SAPM 15 A,Screw Air Compressor,MSE 15 A = SAPM 15 A,-,-,0,,,
OSC 3 T,Screw Air Compressor,OSC 3 T Screw Air Compressor,-,-,0,,,
OSC 150,Screw Air Compressor,OSC 150 Screw Air Compressor,-,-,0,,,
SAPM 75 A,Screw Air Compressor,SAPM 75 A = MSE 75 A Screw Compressor,-,-,0,,,
SAPM 37 A,Screw Air Compressor,SAPM 37 A = MSE 37 A Screw Compressor,-,-,0,,,
OSC 30 TD,Screw Air Compressor,OSC 30 TD for Genset,-,-,0,,,
OSC 5 TD,Screw Air Compressor,OSC 5 TD Screw Air Compressor,-,-,0,,,
OSC 50 U,Screw Air Compressor,OSC 50 U Screw Air Compressor,-,-,0,,,
OSC 50B,Screw Air Compressor,OSC 50B = OSC 50 B Screw Air Compressor,-,-,1,Jakarta,,
OSC 75 U,Screw Air Compressor,OSC 75 U Screw Air Compressor,-,-,0,,,
DCW-60 VSA,Screw Air Compressor,DCW-60VSA Screw Air Compressor,-,-,0,,,
DCW-15A,Screw Air Compressor,DCW-15A Screw Air Compressor,-,-,0,,,
SAOF 30 A,Screw Air Compressor,SAOF 30 A Oil Free Compressor,-,-,0,,,
SAF 60 A,Screw Air Compressor,SAF 60 A Screw Air Compressor,-,-,0,,,
SAF 50 A,Screw Air Compressor,SAF 50 A Screw Compressor,-,-,1,Jakarta,,
SAOF 50 A,Screw Air Compressor,SAOF 50 A Oil Free Compressor,-,-,0,,,
SAF 30 A,Screw Air Compressor,SAF 30 A Screw Air Compressor,-,-,0,,,
SAPM 22 A,Screw Air Compressor,SAPM 22 A = MSE 22 A Screw Air Compressor,-,-,0,,,
SAF 75 A,Screw Air Compressor,SAF 75 A Screw Air Compressor,-,-,0,,,
SAF 125 A,Screw Air Compressor,SAF 125 A Screw Air Compressor,-,-,0,,,
SAOF 40 A,Screw Air Compressor,SAOF 40 A Oil Free Compressor,-,-,0,,,
SAOF 20 A,Screw Air Compressor,SAOF 20 A Oil Free Compressor,-,-,0,,,
,,,,,,,,
AIR DRYER,,,-,-,,,,
HHPD 300,Air Dryer,MK-HP 300 = HHPD 300 Air Dryer,-,-,0,,,
HRND 1200,Air Dryer,MKE 1200 = HRND 1200 Air Dryer,-,-,0,,,
HRND 155,Air Dryer,MKE 155 = HRND 155 Air Dryer,-,-,0,,,
HRND 1800,Air Dryer,MKE 1800 = HRND 1800 Air Dryer,-,-,0,,,
HRND 2500,Air Dryer,MKE 2500 = HRND 2500 Air Dryer,-,-,1,Jakarta,,
HRND 2775,Air Dryer,MKE 2775 = HRND 2775 Air Dryer,-,-,0,,,
HRND 305,Air Dryer,MKE 305 = HRND 305 Air Dryer,-,-,0,,,
HRND 3330,Air Dryer,MKE 3330 = HRND 3330 Air Dryer,-,-,0,,,
HRND 375,Air Dryer,MKE 375 = HRND 375 Air Dryer,-,-,0,,,
HRND 3915,Air Dryer,MKE 3915 = HRND 3915 Air Dryer,-,-,0,,,
HRND 495,Air Dryer,MKE 495 = HRND 495 Air Dryer,-,-,0,,,
HRND 5085,Air Dryer,MKE 5085 = HRND 5085 Air Dryer,-,-,0,,,
HRND 53,Air Dryer,MKE 53 = HRND 53 Air Dryer,-,-,0,,,
HRND 623,Air Dryer,MKE 623 = HRND 623 Air Dryer,-,-,1,Jakarta,,
HRND 9000,Air Dryer,HRND 9000 Air Dryer,-,-,0,,,
HRND 930,Air Dryer,MKE 930 = HRND 930 Air Dryer,-,-,0,,,
HSD-6MXF,Air Dryer Dessicant,HSD-6MXF Dessicant Air Dryer,-,-,0,,,
HSD-8WXF,Air Dryer Dessicant,HSD-8WXF Dessicant Air Dryer,-,-,0,,,
MDA 2700,Air Dryer,MDA 2700 Air Dryer,-,-,0,,,
MKE 100,Air Dryer,MKE 100 Air Dryer,-,-,0,,,
MKE 1388,Air Dryer,MKE 1388 = HRND1388 Air Dryer,-,-,0,,,
MKE 190,Air Dryer,MKE 190 = HRND 190 Air Dryer,-,-,0,,,
MKP 2220,Air Dryer,MKP 2220 Air Dryer,-,-,0,,,
MKP 4680-W,Air Dryer,MKP 4680-W Air Dryer,-,-,0,,,
MKP 8400,Air Dryer,MKP 8400 Air Dryer,-,-,0,,,
MMD 100,Air Dryer,MMD 100 Air Dryer,-,-,0,,,
MMD 15,Air Dryer,MMD 15 Air Dryer,-,-,0,,,
MMD 40,Air Dryer,MMD 40 Air Dryer,-,-,0,,,
MMD 75,Air Dryer,MMD 75 Air Dryer,-,-,0,,,
P-400,Air Dryer,P-400 Air Dryer,-,-,0,,,
P-75 A,Air Dryer,P-75 A Air Dryer,-,-,0,,,
SARD 02,Air Dryer,SARD 02 = TR 02 = TR-02(Star Air) Air Dryer,-,-,0,,,
SARD 06,Air Dryer,SARD 06 = TR 06 = TR-06(Star Air) Air Dryer,-,-,0,,,
SARD 08,Air Dryer,SARD 08 = TR-08 (Star Air) Air Dryer,-,-,0,,,
SARD 10,Air Dryer,SARD 10 = TR 10 (Star Air) Air Dryer,-,-,1,Jakarta,,
SARD 110,Air Dryer,SARD 110 (Star Air) Air Dryer,-,-,0,,,
SARD 12,Air Dryer,SARD 12 = TR-12 (Star Air) Air Dryer,-,-,0,,,
SARD 140,Air Dryer,SARD 140,,,0,,,
SARD 20 NF,Air Dryer,SARD 20 NF = TR-20 (Star Air) Air Dryer,-,-,0,,,
SARD 40 NF,Air Dryer,SARD 40 NF =TR 40 NF  = TR-40 NF (Star Air) Air Dryer,-,-,0,,,
SARD 75 NH,Air Dryer,SARD 75 NH (Star Air) Air Dryer,-,-,0,,,
,,,-,-,,,,